created_at,user_id,user_email,article_id,key,value
2022-01-29T20:58:51.963Z,46736,hamed.ahmadinia@abo.fi,773624976,"""__EXR__systematic review""",1
2022-01-29T20:58:51.994Z,46736,hamed.ahmadinia@abo.fi,773624976,included,-1
2022-01-29T21:00:09.103Z,46736,hamed.ahmadinia@abo.fi,773624971,"""Group: refugee""",1
2022-01-29T21:00:30.540Z,46736,hamed.ahmadinia@abo.fi,773624972,"""Group: refugee""",1
2022-01-29T21:00:34.212Z,46736,hamed.ahmadinia@abo.fi,773624973,"""Group: refugee""",1
2022-01-29T21:00:39.649Z,46736,hamed.ahmadinia@abo.fi,773624974,"""Group: refugee""",1
2022-01-29T21:00:45.228Z,46736,hamed.ahmadinia@abo.fi,773624975,"""Group: refugee""",1
2022-01-29T21:00:49.915Z,46736,hamed.ahmadinia@abo.fi,773624977,"""Group: refugee""",1
2022-01-29T21:00:56.743Z,46736,hamed.ahmadinia@abo.fi,773624978,"""Group: refugee""",1
2022-01-29T21:03:36.961Z,46736,hamed.ahmadinia@abo.fi,773629085,"""Group: refugee""",1
2022-01-29T21:03:40.742Z,46736,hamed.ahmadinia@abo.fi,773624986,"""Group: refugee""",1
2022-01-29T21:03:45.836Z,46736,hamed.ahmadinia@abo.fi,773624985,"""Group: refugee""",1
2022-01-29T21:03:49.023Z,46736,hamed.ahmadinia@abo.fi,773624984,"""Group: refugee""",1
2022-01-29T21:03:53.336Z,46736,hamed.ahmadinia@abo.fi,773624983,"""Group: refugee""",1
2022-01-29T21:04:01.226Z,46736,hamed.ahmadinia@abo.fi,773624982,"""Group: refugee""",1
2022-01-29T21:04:13.211Z,46736,hamed.ahmadinia@abo.fi,773624980,"""Group: refugee""",1
2022-01-29T21:04:18.367Z,46736,hamed.ahmadinia@abo.fi,773624979,"""Group: refugee""",1
2022-01-29T21:10:08.038Z,46736,hamed.ahmadinia@abo.fi,773624971,"""USA""",1
2022-01-29T21:10:36.647Z,46736,hamed.ahmadinia@abo.fi,773624971,"""SO: Vietnam""",1
2022-01-29T21:10:38.756Z,46736,hamed.ahmadinia@abo.fi,773624971,included,1
2022-01-29T21:11:02.865Z,46736,hamed.ahmadinia@abo.fi,773624972,"""SO: Cambodian""",1
2022-01-29T21:12:09.256Z,46736,hamed.ahmadinia@abo.fi,773624972,"""USA""",1
2022-01-29T21:12:23.162Z,46736,hamed.ahmadinia@abo.fi,773624972,included,1
2022-01-29T21:12:28.365Z,46736,hamed.ahmadinia@abo.fi,773624973,"""SO: Vietnam""",1
2022-01-29T21:17:26.316Z,46736,hamed.ahmadinia@abo.fi,773624973,"""__EXR__full text""",1
2022-01-29T21:17:26.363Z,46736,hamed.ahmadinia@abo.fi,773624973,included,-1
2022-01-29T21:19:36.081Z,46736,hamed.ahmadinia@abo.fi,773624974,"""SO: Bosnian""",1
2022-01-29T21:19:46.190Z,46736,hamed.ahmadinia@abo.fi,773624974,"""SO: Iraqi""",1
2022-01-29T21:19:56.612Z,46736,hamed.ahmadinia@abo.fi,773624974,"""SO: Somali""",1
2022-01-29T21:20:16.346Z,46736,hamed.ahmadinia@abo.fi,773624974,"""USA""",1
2022-01-29T21:20:18.393Z,46736,hamed.ahmadinia@abo.fi,773624974,included,1
2022-01-29T21:20:39.721Z,46736,hamed.ahmadinia@abo.fi,773624975,"""SO: East African""",1
2022-01-29T21:22:04.627Z,46736,hamed.ahmadinia@abo.fi,773624975,"""USA""",1
2022-01-29T21:22:15.861Z,46736,hamed.ahmadinia@abo.fi,773624975,included,1
2022-01-29T21:22:37.221Z,46736,hamed.ahmadinia@abo.fi,773624977,"""SO: LAOTIAN""",1
2022-01-29T21:23:20.923Z,46736,hamed.ahmadinia@abo.fi,773624977,"""USA""",1
2022-01-29T21:23:31.423Z,46736,hamed.ahmadinia@abo.fi,773624977,included,1
2022-01-29T21:24:55.376Z,46736,hamed.ahmadinia@abo.fi,773624978,"""__EXR__workshop""",1
2022-01-29T21:24:55.439Z,46736,hamed.ahmadinia@abo.fi,773624978,included,-1
2022-01-29T21:25:06.408Z,46736,hamed.ahmadinia@abo.fi,773624979,"""SO: Vietnam""",1
2022-01-29T21:25:08.658Z,46736,hamed.ahmadinia@abo.fi,773624979,"""SO: LAOTIAN""",1
2022-01-29T21:27:01.157Z,46736,hamed.ahmadinia@abo.fi,773624979,"""__EXR__full text""",1
2022-01-29T21:27:01.204Z,46736,hamed.ahmadinia@abo.fi,773624979,included,-1
2022-01-29T21:27:13.032Z,46736,hamed.ahmadinia@abo.fi,773624980,"""Australia""",1
2022-01-29T21:27:31.282Z,46736,hamed.ahmadinia@abo.fi,773624980,"""SO: Sudanese""",1
2022-01-29T21:28:54.891Z,46736,hamed.ahmadinia@abo.fi,773624980,included,1
2022-01-29T21:31:08.749Z,46736,hamed.ahmadinia@abo.fi,773624982,"""USA""",1
2022-01-29T21:31:29.312Z,46736,hamed.ahmadinia@abo.fi,773624982,"""SO: Bhutanese""",1
2022-01-29T21:33:04.874Z,46736,hamed.ahmadinia@abo.fi,773624982,included,1
2022-01-29T21:33:18.983Z,46736,hamed.ahmadinia@abo.fi,773624983,"""UK""",1
2022-01-29T21:33:26.842Z,46736,hamed.ahmadinia@abo.fi,773624983,"""SO: Ethiopian""",1
2022-01-29T21:40:37.637Z,46736,hamed.ahmadinia@abo.fi,773624983,included,1
2022-01-29T21:41:28.480Z,46736,hamed.ahmadinia@abo.fi,773624984,"""__EXR__health literacy""",1
2022-01-29T21:41:28.512Z,46736,hamed.ahmadinia@abo.fi,773624984,included,-1
2022-01-29T21:42:02.918Z,46736,hamed.ahmadinia@abo.fi,773624985,"""__EXR__food beliefs""",1
2022-01-29T21:42:02.934Z,46736,hamed.ahmadinia@abo.fi,773624985,included,-1
2022-01-29T21:42:34.715Z,46736,hamed.ahmadinia@abo.fi,773624986,"""SO: Burma""",1
2022-01-29T21:42:45.840Z,46736,hamed.ahmadinia@abo.fi,773624986,"""USA""",1
2022-01-29T21:44:52.230Z,46736,hamed.ahmadinia@abo.fi,773624986,included,1
2022-01-29T21:48:07.338Z,46736,hamed.ahmadinia@abo.fi,773629085,"""Australia""",1
2022-01-29T21:49:56.337Z,46736,hamed.ahmadinia@abo.fi,773629085,included,1
2022-01-30T07:13:23.491Z,46736,hamed.ahmadinia@abo.fi,773683516,"""Group: refugee""",1
2022-01-30T07:15:30.990Z,46736,hamed.ahmadinia@abo.fi,773683516,"""Australia""",1
2022-01-30T07:15:55.287Z,46736,hamed.ahmadinia@abo.fi,773683516,included,1
2022-01-30T07:18:00.380Z,46736,hamed.ahmadinia@abo.fi,773683517,"""__EXR__food beliefs""",1
2022-01-30T07:18:00.411Z,46736,hamed.ahmadinia@abo.fi,773683517,included,-1
2022-01-30T07:18:43.599Z,46736,hamed.ahmadinia@abo.fi,773683519,"""SO: Sudanese""",1
2022-01-30T07:18:46.427Z,46736,hamed.ahmadinia@abo.fi,773683519,"""Australia""",1
2022-01-30T07:20:05.364Z,46736,hamed.ahmadinia@abo.fi,773683519,included,1
2022-01-30T07:20:26.645Z,46736,hamed.ahmadinia@abo.fi,773683520,"""__EXR__migrant""",1
2022-01-30T07:20:26.676Z,46736,hamed.ahmadinia@abo.fi,773683520,included,-1
2022-01-30T07:20:36.582Z,46736,hamed.ahmadinia@abo.fi,773683521,"""__EXR__migrant""",1
2022-01-30T07:20:36.614Z,46736,hamed.ahmadinia@abo.fi,773683521,included,-1
2022-01-30T07:20:43.973Z,46736,hamed.ahmadinia@abo.fi,773683522,"""__EXR__migrant""",1
2022-01-30T07:20:44.004Z,46736,hamed.ahmadinia@abo.fi,773683522,included,-1
2022-01-30T07:20:53.395Z,46736,hamed.ahmadinia@abo.fi,773683523,"""__EXR__migrant""",1
2022-01-30T07:20:53.410Z,46736,hamed.ahmadinia@abo.fi,773683523,included,-1
2022-01-30T07:21:09.223Z,46736,hamed.ahmadinia@abo.fi,773683524,"""__EXR__migrant""",1
2022-01-30T07:21:09.254Z,46736,hamed.ahmadinia@abo.fi,773683524,included,-1
2022-01-30T07:21:22.910Z,46736,hamed.ahmadinia@abo.fi,773683525,"""__EXR__migrant""",1
2022-01-30T07:21:22.942Z,46736,hamed.ahmadinia@abo.fi,773683525,included,-1
2022-01-30T07:21:27.832Z,46736,hamed.ahmadinia@abo.fi,773683526,"""__EXR__migrant""",1
2022-01-30T07:21:27.879Z,46736,hamed.ahmadinia@abo.fi,773683526,included,-1
2022-01-30T07:21:33.301Z,46736,hamed.ahmadinia@abo.fi,773683527,"""__EXR__migrant""",1
2022-01-30T07:21:33.332Z,46736,hamed.ahmadinia@abo.fi,773683527,included,-1
2022-01-30T07:21:42.629Z,46736,hamed.ahmadinia@abo.fi,773683528,"""__EXR__migrant""",1
2022-01-30T07:21:42.723Z,46736,hamed.ahmadinia@abo.fi,773683528,included,-1
2022-01-30T07:21:48.582Z,46736,hamed.ahmadinia@abo.fi,773683529,"""__EXR__migrant""",1
2022-01-30T07:21:48.614Z,46736,hamed.ahmadinia@abo.fi,773683529,included,-1
2022-01-30T07:21:54.364Z,46736,hamed.ahmadinia@abo.fi,773683530,"""__EXR__migrant""",1
2022-01-30T07:21:54.395Z,46736,hamed.ahmadinia@abo.fi,773683530,included,-1
2022-01-30T07:22:00.051Z,46736,hamed.ahmadinia@abo.fi,773683532,"""__EXR__migrant""",1
2022-01-30T07:22:00.082Z,46736,hamed.ahmadinia@abo.fi,773683532,included,-1
2022-01-30T07:22:07.520Z,46736,hamed.ahmadinia@abo.fi,773683533,"""__EXR__migrant""",1
2022-01-30T07:22:07.614Z,46736,hamed.ahmadinia@abo.fi,773683533,included,-1
2022-01-30T07:22:10.989Z,46736,hamed.ahmadinia@abo.fi,773683535,"""__EXR__migrant""",1
2022-01-30T07:22:11.004Z,46736,hamed.ahmadinia@abo.fi,773683535,included,-1
2022-01-30T07:22:16.660Z,46736,hamed.ahmadinia@abo.fi,773683536,"""__EXR__migrant""",1
2022-01-30T07:22:16.692Z,46736,hamed.ahmadinia@abo.fi,773683536,included,-1
2022-01-30T07:22:19.629Z,46736,hamed.ahmadinia@abo.fi,773683539,"""__EXR__migrant""",1
2022-01-30T07:22:19.660Z,46736,hamed.ahmadinia@abo.fi,773683539,included,-1
2022-01-30T07:22:57.192Z,46736,hamed.ahmadinia@abo.fi,773683541,"""__EXR__dublicated""",1
2022-01-30T07:22:57.223Z,46736,hamed.ahmadinia@abo.fi,773683541,included,-1
2022-01-30T07:25:18.488Z,46736,hamed.ahmadinia@abo.fi,773683540,"""__EXR__migrant""",1
2022-01-30T07:25:18.582Z,46736,hamed.ahmadinia@abo.fi,773683540,included,-1
2022-01-30T07:30:12.549Z,46736,hamed.ahmadinia@abo.fi,773683543,"""__EXR__provider perspective""",1
2022-01-30T07:30:12.580Z,46736,hamed.ahmadinia@abo.fi,773683543,included,-1
2022-01-30T07:30:18.392Z,46736,hamed.ahmadinia@abo.fi,773683544,"""__EXR__migrant""",1
2022-01-30T07:30:18.439Z,46736,hamed.ahmadinia@abo.fi,773683544,included,-1
2022-01-30T07:30:24.033Z,46736,hamed.ahmadinia@abo.fi,773683545,"""__EXR__migrant""",1
2022-01-30T07:30:24.064Z,46736,hamed.ahmadinia@abo.fi,773683545,included,-1
2022-01-30T07:30:28.283Z,46736,hamed.ahmadinia@abo.fi,773683546,"""__EXR__migrant""",1
2022-01-30T07:30:28.298Z,46736,hamed.ahmadinia@abo.fi,773683546,included,-1
2022-01-30T07:30:36.658Z,46736,hamed.ahmadinia@abo.fi,773683548,"""__EXR__dublicated""",1
2022-01-30T07:30:36.689Z,46736,hamed.ahmadinia@abo.fi,773683548,included,-1
2022-01-30T07:30:45.205Z,46736,hamed.ahmadinia@abo.fi,773683549,"""__EXR__migrant""",1
2022-01-30T07:30:45.236Z,46736,hamed.ahmadinia@abo.fi,773683549,included,-1
2022-01-30T07:30:52.455Z,46736,hamed.ahmadinia@abo.fi,773683550,"""__EXR__migrant""",1
2022-01-30T07:30:52.470Z,46736,hamed.ahmadinia@abo.fi,773683550,included,-1
2022-01-30T07:31:16.845Z,46736,hamed.ahmadinia@abo.fi,773683551,"""__EXR__dublicated""",1
2022-01-30T07:31:16.876Z,46736,hamed.ahmadinia@abo.fi,773683551,included,-1
2022-01-30T07:31:54.939Z,46736,hamed.ahmadinia@abo.fi,773683553,"""__EXR__migrant""",1
2022-01-30T07:31:54.970Z,46736,hamed.ahmadinia@abo.fi,773683553,included,-1
2022-01-30T07:31:58.939Z,46736,hamed.ahmadinia@abo.fi,773683554,"""__EXR__migrant""",1
2022-01-30T07:31:58.970Z,46736,hamed.ahmadinia@abo.fi,773683554,included,-1
2022-01-30T07:32:04.673Z,46736,hamed.ahmadinia@abo.fi,773683555,"""__EXR__migrant""",1
2022-01-30T07:32:04.704Z,46736,hamed.ahmadinia@abo.fi,773683555,included,-1
2022-01-30T07:32:09.173Z,46736,hamed.ahmadinia@abo.fi,773683557,"""__EXR__migrant""",1
2022-01-30T07:32:09.204Z,46736,hamed.ahmadinia@abo.fi,773683557,included,-1
2022-01-30T07:32:13.126Z,46736,hamed.ahmadinia@abo.fi,773683558,"""__EXR__migrant""",1
2022-01-30T07:32:13.157Z,46736,hamed.ahmadinia@abo.fi,773683558,included,-1
2022-01-30T07:32:17.892Z,46736,hamed.ahmadinia@abo.fi,773683559,"""__EXR__migrant""",1
2022-01-30T07:32:17.923Z,46736,hamed.ahmadinia@abo.fi,773683559,included,-1
2022-01-30T07:32:45.141Z,46736,hamed.ahmadinia@abo.fi,773683563,"""__EXR__systematic review""",1
2022-01-30T07:32:45.173Z,46736,hamed.ahmadinia@abo.fi,773683563,included,-1
2022-01-30T07:32:49.345Z,46736,hamed.ahmadinia@abo.fi,773683580,"""__EXR__systematic review""",1
2022-01-30T07:32:49.376Z,46736,hamed.ahmadinia@abo.fi,773683580,included,-1
2022-01-30T07:32:55.235Z,46736,hamed.ahmadinia@abo.fi,773683608,"""__EXR__systematic review""",1
2022-01-30T07:32:55.313Z,46736,hamed.ahmadinia@abo.fi,773683608,included,-1
2022-01-30T07:33:09.063Z,46736,hamed.ahmadinia@abo.fi,773683611,"""__EXR__scoping review""",1
2022-01-30T07:33:09.094Z,46736,hamed.ahmadinia@abo.fi,773683611,included,-1
2022-01-30T07:36:29.656Z,46736,hamed.ahmadinia@abo.fi,773683563,included,0
2022-01-30T07:37:02.984Z,46736,hamed.ahmadinia@abo.fi,773683604,included,-1
2022-01-30T07:37:10.515Z,46736,hamed.ahmadinia@abo.fi,773683615,"""__EXR__Review""",1
2022-01-30T07:37:10.530Z,46736,hamed.ahmadinia@abo.fi,773683615,included,-1
2022-01-30T07:37:20.030Z,46736,hamed.ahmadinia@abo.fi,773683636,"""__EXR__Review""",1
2022-01-30T07:37:20.062Z,46736,hamed.ahmadinia@abo.fi,773683636,included,-1
2022-01-30T07:37:28.405Z,46736,hamed.ahmadinia@abo.fi,773683587,"""__EXR__migrant""",1
2022-01-30T07:37:28.437Z,46736,hamed.ahmadinia@abo.fi,773683587,included,-1
2022-01-30T07:38:00.515Z,46736,hamed.ahmadinia@abo.fi,773683560,"""__EXR__dublicated""",1
2022-01-30T07:38:00.546Z,46736,hamed.ahmadinia@abo.fi,773683560,included,-1
2022-01-30T07:38:27.515Z,46736,hamed.ahmadinia@abo.fi,773683552,"""__EXR__dublicated""",1
2022-01-30T07:38:27.546Z,46736,hamed.ahmadinia@abo.fi,773683552,included,-1
2022-01-30T07:38:50.437Z,46736,hamed.ahmadinia@abo.fi,773683556,"""__EXR__dublicated""",1
2022-01-30T07:38:50.468Z,46736,hamed.ahmadinia@abo.fi,773683556,included,-1
2022-01-30T07:39:02.796Z,46736,hamed.ahmadinia@abo.fi,773683561,"""__EXR__migrant""",1
2022-01-30T07:39:02.827Z,46736,hamed.ahmadinia@abo.fi,773683561,included,-1
2022-01-30T07:39:22.546Z,46736,hamed.ahmadinia@abo.fi,773683562,"""__EXR__dublicated""",1
2022-01-30T07:39:22.577Z,46736,hamed.ahmadinia@abo.fi,773683562,included,-1
2022-01-30T07:39:35.702Z,46736,hamed.ahmadinia@abo.fi,773683565,"""__EXR__migrant""",1
2022-01-30T07:39:35.796Z,46736,hamed.ahmadinia@abo.fi,773683565,included,-1
2022-01-30T07:39:47.374Z,46736,hamed.ahmadinia@abo.fi,773683566,"""__EXR__migrant""",1
2022-01-30T07:39:47.405Z,46736,hamed.ahmadinia@abo.fi,773683566,included,-1
2022-01-30T07:39:53.936Z,46736,hamed.ahmadinia@abo.fi,773683567,"""__EXR__migrant""",1
2022-01-30T07:39:53.983Z,46736,hamed.ahmadinia@abo.fi,773683567,included,-1
2022-01-30T07:40:01.452Z,46736,hamed.ahmadinia@abo.fi,773683568,"""__EXR__migrant""",1
2022-01-30T07:40:01.530Z,46736,hamed.ahmadinia@abo.fi,773683568,included,-1
2022-01-30T07:40:05.843Z,46736,hamed.ahmadinia@abo.fi,773683569,"""__EXR__migrant""",1
2022-01-30T07:40:05.858Z,46736,hamed.ahmadinia@abo.fi,773683569,included,-1
2022-01-30T07:40:10.405Z,46736,hamed.ahmadinia@abo.fi,773683570,"""__EXR__migrant""",1
2022-01-30T07:40:10.436Z,46736,hamed.ahmadinia@abo.fi,773683570,included,-1
2022-01-30T07:40:15.092Z,46736,hamed.ahmadinia@abo.fi,773683571,"""__EXR__migrant""",1
2022-01-30T07:40:15.124Z,46736,hamed.ahmadinia@abo.fi,773683571,included,-1
2022-01-30T07:40:26.092Z,46736,hamed.ahmadinia@abo.fi,773683573,"""__EXR__migrant""",1
2022-01-30T07:40:26.108Z,46736,hamed.ahmadinia@abo.fi,773683573,included,-1
2022-01-30T07:40:43.405Z,46736,hamed.ahmadinia@abo.fi,773683574,"""__EXR__policy""",1
2022-01-30T07:40:43.436Z,46736,hamed.ahmadinia@abo.fi,773683574,included,-1
2022-01-30T07:40:48.467Z,46736,hamed.ahmadinia@abo.fi,773683576,"""__EXR__migrant""",1
2022-01-30T07:40:48.498Z,46736,hamed.ahmadinia@abo.fi,773683576,included,-1
2022-01-30T07:40:52.108Z,46736,hamed.ahmadinia@abo.fi,773683577,"""__EXR__migrant""",1
2022-01-30T07:40:52.139Z,46736,hamed.ahmadinia@abo.fi,773683577,included,-1
2022-01-30T07:41:06.967Z,46736,hamed.ahmadinia@abo.fi,773683582,"""__EXR__migrant""",1
2022-01-30T07:41:06.983Z,46736,hamed.ahmadinia@abo.fi,773683582,included,-1
2022-01-30T07:41:15.592Z,46736,hamed.ahmadinia@abo.fi,773683584,"""__EXR__migrant""",1
2022-01-30T07:41:15.670Z,46736,hamed.ahmadinia@abo.fi,773683584,included,-1
2022-01-30T07:41:25.358Z,46736,hamed.ahmadinia@abo.fi,773683586,"""__EXR__migrant""",1
2022-01-30T07:41:25.389Z,46736,hamed.ahmadinia@abo.fi,773683586,included,-1
2022-01-30T07:41:48.686Z,46736,hamed.ahmadinia@abo.fi,773683641,"""__EXR__migrant""",1
2022-01-30T07:41:48.717Z,46736,hamed.ahmadinia@abo.fi,773683641,included,-1
2022-01-30T07:41:52.373Z,46736,hamed.ahmadinia@abo.fi,773683640,"""__EXR__migrant""",1
2022-01-30T07:41:52.404Z,46736,hamed.ahmadinia@abo.fi,773683640,included,-1
2022-01-30T07:42:01.248Z,46736,hamed.ahmadinia@abo.fi,773683639,"""__EXR__migrant""",1
2022-01-30T07:42:01.279Z,46736,hamed.ahmadinia@abo.fi,773683639,included,-1
2022-01-30T07:42:18.264Z,46736,hamed.ahmadinia@abo.fi,773683637,"""__EXR__migrant""",1
2022-01-30T07:42:18.279Z,46736,hamed.ahmadinia@abo.fi,773683637,included,-1
2022-01-30T07:42:24.623Z,46736,hamed.ahmadinia@abo.fi,773683635,"""__EXR__migrant""",1
2022-01-30T07:42:24.654Z,46736,hamed.ahmadinia@abo.fi,773683635,included,-1
2022-01-30T07:42:28.357Z,46736,hamed.ahmadinia@abo.fi,773683634,"""__EXR__migrant""",1
2022-01-30T07:42:28.373Z,46736,hamed.ahmadinia@abo.fi,773683634,included,-1
2022-01-30T07:42:34.139Z,46736,hamed.ahmadinia@abo.fi,773683633,"""__EXR__migrant""",1
2022-01-30T07:42:34.170Z,46736,hamed.ahmadinia@abo.fi,773683633,included,-1
2022-01-30T07:42:58.310Z,46736,hamed.ahmadinia@abo.fi,773683630,"""__EXR__migrant""",1
2022-01-30T07:42:58.342Z,46736,hamed.ahmadinia@abo.fi,773683630,included,-1
2022-01-30T07:43:30.904Z,46736,hamed.ahmadinia@abo.fi,773683625,"""__EXR__migrant""",1
2022-01-30T07:43:30.935Z,46736,hamed.ahmadinia@abo.fi,773683625,included,-1
2022-01-30T07:43:46.669Z,46736,hamed.ahmadinia@abo.fi,773683624,"""__EXR__migrant""",1
2022-01-30T07:43:46.685Z,46736,hamed.ahmadinia@abo.fi,773683624,included,-1
2022-01-30T07:43:56.076Z,46736,hamed.ahmadinia@abo.fi,773683623,"""__EXR__migrant""",1
2022-01-30T07:43:56.107Z,46736,hamed.ahmadinia@abo.fi,773683623,included,-1
2022-01-30T07:44:01.247Z,46736,hamed.ahmadinia@abo.fi,773683622,"""__EXR__migrant""",1
2022-01-30T07:44:01.279Z,46736,hamed.ahmadinia@abo.fi,773683622,included,-1
2022-01-30T07:44:08.044Z,46736,hamed.ahmadinia@abo.fi,773683621,"""__EXR__migrant""",1
2022-01-30T07:44:08.075Z,46736,hamed.ahmadinia@abo.fi,773683621,included,-1
2022-01-30T07:44:13.763Z,46736,hamed.ahmadinia@abo.fi,773683620,"""__EXR__migrant""",1
2022-01-30T07:44:13.794Z,46736,hamed.ahmadinia@abo.fi,773683620,included,-1
2022-01-30T07:44:20.278Z,46736,hamed.ahmadinia@abo.fi,773683619,"""__EXR__migrant""",1
2022-01-30T07:44:20.310Z,46736,hamed.ahmadinia@abo.fi,773683619,included,-1
2022-01-30T07:44:25.622Z,46736,hamed.ahmadinia@abo.fi,773683618,"""__EXR__migrant""",1
2022-01-30T07:44:25.653Z,46736,hamed.ahmadinia@abo.fi,773683618,included,-1
2022-01-30T07:44:32.232Z,46736,hamed.ahmadinia@abo.fi,773683616,"""__EXR__migrant""",1
2022-01-30T07:44:32.247Z,46736,hamed.ahmadinia@abo.fi,773683616,included,-1
2022-01-30T07:44:37.607Z,46736,hamed.ahmadinia@abo.fi,773683614,"""__EXR__migrant""",1
2022-01-30T07:44:37.638Z,46736,hamed.ahmadinia@abo.fi,773683614,included,-1
2022-01-30T07:44:43.122Z,46736,hamed.ahmadinia@abo.fi,773683613,"""__EXR__migrant""",1
2022-01-30T07:44:43.153Z,46736,hamed.ahmadinia@abo.fi,773683613,included,-1
2022-01-30T07:44:48.841Z,46736,hamed.ahmadinia@abo.fi,773683612,"""__EXR__migrant""",1
2022-01-30T07:44:48.872Z,46736,hamed.ahmadinia@abo.fi,773683612,included,-1
2022-01-30T07:45:18.638Z,46736,hamed.ahmadinia@abo.fi,773683609,"""__EXR__migrant""",1
2022-01-30T07:45:18.669Z,46736,hamed.ahmadinia@abo.fi,773683609,included,-1
2022-01-30T07:45:25.091Z,46736,hamed.ahmadinia@abo.fi,773683607,"""__EXR__migrant""",1
2022-01-30T07:45:25.184Z,46736,hamed.ahmadinia@abo.fi,773683607,included,-1
2022-01-30T07:45:39.731Z,46736,hamed.ahmadinia@abo.fi,773683606,"""__EXR__migrant""",1
2022-01-30T07:45:39.762Z,46736,hamed.ahmadinia@abo.fi,773683606,included,-1
2022-01-30T07:45:46.497Z,46736,hamed.ahmadinia@abo.fi,773683603,"""__EXR__migrant""",1
2022-01-30T07:45:46.512Z,46736,hamed.ahmadinia@abo.fi,773683603,included,-1
2022-01-30T07:45:51.012Z,46736,hamed.ahmadinia@abo.fi,773683602,"""__EXR__migrant""",1
2022-01-30T07:45:51.044Z,46736,hamed.ahmadinia@abo.fi,773683602,included,-1
2022-01-30T07:46:18.903Z,46736,hamed.ahmadinia@abo.fi,773683601,"""__EXR__migrant""",1
2022-01-30T07:46:18.934Z,46736,hamed.ahmadinia@abo.fi,773683601,included,-1
2022-01-30T07:46:24.903Z,46736,hamed.ahmadinia@abo.fi,773683599,"""__EXR__migrant""",1
2022-01-30T07:46:24.934Z,46736,hamed.ahmadinia@abo.fi,773683599,included,-1
2022-01-30T07:46:29.371Z,46736,hamed.ahmadinia@abo.fi,773683598,"""__EXR__migrant""",1
2022-01-30T07:46:29.403Z,46736,hamed.ahmadinia@abo.fi,773683598,included,-1
2022-01-30T07:47:13.152Z,46736,hamed.ahmadinia@abo.fi,773683638,"""__EXR__migrant""",1
2022-01-30T07:47:13.184Z,46736,hamed.ahmadinia@abo.fi,773683638,included,-1
2022-01-30T07:47:38.887Z,46736,hamed.ahmadinia@abo.fi,773683626,"""__EXR__migrant""",1
2022-01-30T07:47:38.918Z,46736,hamed.ahmadinia@abo.fi,773683626,included,-1
2022-01-30T07:47:52.043Z,46736,hamed.ahmadinia@abo.fi,773683597,"""__EXR__migrant""",1
2022-01-30T07:47:52.058Z,46736,hamed.ahmadinia@abo.fi,773683597,included,-1
2022-01-30T07:47:56.887Z,46736,hamed.ahmadinia@abo.fi,773683596,"""__EXR__migrant""",1
2022-01-30T07:47:56.933Z,46736,hamed.ahmadinia@abo.fi,773683596,included,-1
2022-01-30T07:48:09.652Z,46736,hamed.ahmadinia@abo.fi,773683594,"""__EXR__human right""",1
2022-01-30T07:48:09.683Z,46736,hamed.ahmadinia@abo.fi,773683594,included,-1
2022-01-30T07:48:45.074Z,46736,hamed.ahmadinia@abo.fi,773683592,"""__EXR__migrant""",1
2022-01-30T07:48:45.121Z,46736,hamed.ahmadinia@abo.fi,773683592,included,-1
2022-01-30T07:48:52.464Z,46736,hamed.ahmadinia@abo.fi,773683591,"""__EXR__migrant""",1
2022-01-30T07:48:52.480Z,46736,hamed.ahmadinia@abo.fi,773683591,included,-1
2022-01-30T07:49:00.746Z,46736,hamed.ahmadinia@abo.fi,773683588,"""__EXR__migrant""",1
2022-01-30T07:49:00.777Z,46736,hamed.ahmadinia@abo.fi,773683588,included,-1
2022-01-30T07:49:55.964Z,46736,hamed.ahmadinia@abo.fi,773683632,"""__EXR__dublicated""",1
2022-01-30T07:49:55.980Z,46736,hamed.ahmadinia@abo.fi,773683632,included,-1
2022-01-30T07:51:41.854Z,46736,hamed.ahmadinia@abo.fi,773683572,"""__EXR__policy""",1
2022-01-30T07:51:41.870Z,46736,hamed.ahmadinia@abo.fi,773683572,included,-1
2022-01-30T07:52:09.869Z,46736,hamed.ahmadinia@abo.fi,773683579,"""__EXR__dublicated""",1
2022-01-30T07:52:09.885Z,46736,hamed.ahmadinia@abo.fi,773683579,included,-1
2022-01-30T07:52:36.432Z,46736,hamed.ahmadinia@abo.fi,773683628,"""__EXR__dublicated""",1
2022-01-30T07:52:36.463Z,46736,hamed.ahmadinia@abo.fi,773683628,included,-1
2022-01-30T07:53:54.588Z,46736,hamed.ahmadinia@abo.fi,773683627,"""__EXR__food beliefs""",1
2022-01-30T07:53:54.634Z,46736,hamed.ahmadinia@abo.fi,773683627,included,-1
2022-01-30T07:54:15.759Z,46736,hamed.ahmadinia@abo.fi,773683610,"""__EXR__dublicated""",1
2022-01-30T07:54:15.791Z,46736,hamed.ahmadinia@abo.fi,773683610,included,-1
2022-01-30T07:55:10.446Z,46736,hamed.ahmadinia@abo.fi,773683593,"""__EXR__Health-State Utility""",1
2022-01-30T07:55:10.478Z,46736,hamed.ahmadinia@abo.fi,773683593,included,-1
2022-01-30T07:55:27.525Z,46736,hamed.ahmadinia@abo.fi,773683585,"""__EXR__dublicated""",1
2022-01-30T07:55:27.540Z,46736,hamed.ahmadinia@abo.fi,773683585,included,-1
2022-01-30T07:55:56.743Z,46736,hamed.ahmadinia@abo.fi,773683581,"""__EXR__dublicated""",1
2022-01-30T07:55:56.790Z,46736,hamed.ahmadinia@abo.fi,773683581,included,-1
2022-01-30T07:57:10.165Z,46736,hamed.ahmadinia@abo.fi,773683583,"""__EXR__dublicated""",1
2022-01-30T07:57:10.196Z,46736,hamed.ahmadinia@abo.fi,773683583,included,-1
2022-01-30T07:58:44.930Z,46736,hamed.ahmadinia@abo.fi,773683516,"""__EXR__dublicated""",1
2022-01-30T07:58:44.962Z,46736,hamed.ahmadinia@abo.fi,773683516,included,-1
2022-01-30T08:09:29.864Z,46736,hamed.ahmadinia@abo.fi,773683519,included,1
2022-01-30T08:18:43.393Z,46736,hamed.ahmadinia@abo.fi,773683866,"""__EXR__policy""",1
2022-01-30T08:18:43.424Z,46736,hamed.ahmadinia@abo.fi,773683866,included,-1
2022-01-30T08:21:12.673Z,46736,hamed.ahmadinia@abo.fi,773683855,"""Rwanda""",1
2022-01-30T08:21:18.736Z,46736,hamed.ahmadinia@abo.fi,773683855,"""Group: refugee""",1
2022-01-30T08:22:48.782Z,46736,hamed.ahmadinia@abo.fi,773683855,included,1
2022-01-30T08:23:55.001Z,46736,hamed.ahmadinia@abo.fi,773683856,"""Malaysia""",1
2022-01-30T08:24:06.029Z,46736,hamed.ahmadinia@abo.fi,773683856,"""Group: refugee""",1
2022-01-30T08:24:26.701Z,46736,hamed.ahmadinia@abo.fi,773683856,"""OS: Myanmar""",1
2022-01-30T08:24:50.109Z,46736,hamed.ahmadinia@abo.fi,773683864,"""__EXR__dublicated""",1
2022-01-30T08:24:50.140Z,46736,hamed.ahmadinia@abo.fi,773683864,included,-1
2022-01-30T08:28:43.780Z,46736,hamed.ahmadinia@abo.fi,773683856,"""__EXR__non per reviwed""",1
2022-01-30T08:28:43.811Z,46736,hamed.ahmadinia@abo.fi,773683856,included,-1
2022-01-30T08:33:02.904Z,46736,hamed.ahmadinia@abo.fi,773683883,included,-1
2022-01-30T08:34:10.435Z,46736,hamed.ahmadinia@abo.fi,773683890,"""__EXR__dublicated""",1
2022-01-30T08:34:10.482Z,46736,hamed.ahmadinia@abo.fi,773683890,included,-1
2022-01-30T08:45:23.119Z,46736,hamed.ahmadinia@abo.fi,773683877,"""USA""",1
2022-01-30T08:45:25.056Z,46736,hamed.ahmadinia@abo.fi,773683877,"""Group: refugee""",1
2022-01-30T08:46:11.071Z,46736,hamed.ahmadinia@abo.fi,773683877,"""OS: Myanmar""",1
2022-01-30T08:46:22.134Z,46736,hamed.ahmadinia@abo.fi,773683877,"""OS: Nepal""",1
2022-01-30T08:46:37.353Z,46736,hamed.ahmadinia@abo.fi,773683877,"""OS: Turkey""",1
2022-01-30T08:46:53.384Z,46736,hamed.ahmadinia@abo.fi,773683877,"""OS: Iraq""",1
2022-01-30T08:47:11.353Z,46736,hamed.ahmadinia@abo.fi,773683877,"""OS: Afghanistan""",1
2022-01-30T08:47:22.712Z,46736,hamed.ahmadinia@abo.fi,773683877,"""OS: Cameroon""",1
2022-01-30T08:47:34.368Z,46736,hamed.ahmadinia@abo.fi,773683877,"""OS: Eretria""",1
2022-01-30T08:48:07.900Z,46736,hamed.ahmadinia@abo.fi,773683877,"""OS: Mexico""",1
2022-01-30T08:49:11.446Z,46736,hamed.ahmadinia@abo.fi,773683877,included,1
2022-01-30T08:50:30.211Z,46736,hamed.ahmadinia@abo.fi,773683876,"""__EXR__Donate Organs""",1
2022-01-30T08:50:30.243Z,46736,hamed.ahmadinia@abo.fi,773683876,included,-1
2022-01-30T08:56:45.834Z,46736,hamed.ahmadinia@abo.fi,773683873,"""__EXR__knowledge of mental illness""",1
2022-01-30T08:56:45.865Z,46736,hamed.ahmadinia@abo.fi,773683873,included,-1
2022-01-30T08:59:02.990Z,46736,hamed.ahmadinia@abo.fi,773683860,"""Group: asylum seeker""",1
2022-01-30T08:59:51.552Z,46736,hamed.ahmadinia@abo.fi,773683860,"""SO: sub-Saharan african""",1
2022-01-30T09:02:02.410Z,46736,hamed.ahmadinia@abo.fi,773683860,"""UK""",1
2022-01-30T09:02:19.895Z,46736,hamed.ahmadinia@abo.fi,773683860,included,1
2022-01-30T09:02:40.035Z,46736,hamed.ahmadinia@abo.fi,773683858,"""__EXR__dublicated""",1
2022-01-30T09:02:40.066Z,46736,hamed.ahmadinia@abo.fi,773683858,included,-1
2022-01-30T09:04:30.957Z,46736,hamed.ahmadinia@abo.fi,773683857,"""__EXR__Teacher Self-Care""",1
2022-01-30T09:04:30.988Z,46736,hamed.ahmadinia@abo.fi,773683857,included,-1
2022-01-30T09:04:58.269Z,46736,hamed.ahmadinia@abo.fi,773683859,"""__EXR__health personnel attitudes""",1
2022-01-30T09:04:58.300Z,46736,hamed.ahmadinia@abo.fi,773683859,included,-1
2022-01-30T09:06:29.488Z,46736,hamed.ahmadinia@abo.fi,773683861,"""Group: refugee""",1
2022-01-30T09:06:34.332Z,46736,hamed.ahmadinia@abo.fi,773683861,"""IRAN""",1
2022-01-30T09:06:44.160Z,46736,hamed.ahmadinia@abo.fi,773683861,"""OS: Afghanistan""",1
2022-01-30T09:08:03.565Z,46736,hamed.ahmadinia@abo.fi,773683861,included,1
2022-01-30T09:08:30.925Z,46736,hamed.ahmadinia@abo.fi,773683865,"""__EXR__health personnel attitudes""",1
2022-01-30T09:08:30.956Z,46736,hamed.ahmadinia@abo.fi,773683865,included,-1
2022-01-30T09:08:38.737Z,46736,hamed.ahmadinia@abo.fi,773683872,"""__EXR__health personnel attitudes""",1
2022-01-30T09:08:38.768Z,46736,hamed.ahmadinia@abo.fi,773683872,included,-1
2022-01-30T09:11:31.924Z,46736,hamed.ahmadinia@abo.fi,773683863,"""Norway""",1
2022-01-30T09:11:34.580Z,46736,hamed.ahmadinia@abo.fi,773683863,"""Group: refugee""",1
2022-01-30T09:16:10.406Z,46736,hamed.ahmadinia@abo.fi,773683863,included,1
2022-01-30T09:21:02.592Z,46736,hamed.ahmadinia@abo.fi,773683870,"""__EXR__Access to Health Care""",1
2022-01-30T09:21:02.624Z,46736,hamed.ahmadinia@abo.fi,773683870,included,-1
2022-01-30T09:21:31.483Z,46736,hamed.ahmadinia@abo.fi,773683862,"""OS: Syrian""",1
2022-01-30T09:21:43.858Z,46736,hamed.ahmadinia@abo.fi,773683862,"""Lebanon""",1
2022-01-30T09:21:53.311Z,46736,hamed.ahmadinia@abo.fi,773683862,"""Group: refugee""",1
2022-01-30T09:22:47.029Z,46736,hamed.ahmadinia@abo.fi,773683862,included,1
2022-01-30T10:35:46.741Z,46736,hamed.ahmadinia@abo.fi,773624971,"""__EXR__non peer reviwed""",1
2022-01-30T10:35:46.788Z,46736,hamed.ahmadinia@abo.fi,773624971,included,-1
2022-01-30T11:01:13.827Z,46736,hamed.ahmadinia@abo.fi,773624972,"""__EXR__Review""",1
2022-01-30T11:01:13.920Z,46736,hamed.ahmadinia@abo.fi,773624972,included,-1
2022-01-30T12:38:36.547Z,46736,hamed.ahmadinia@abo.fi,773629085,"""__EXR__Review""",1
2022-01-30T12:38:36.594Z,46736,hamed.ahmadinia@abo.fi,773629085,included,-1
2022-01-30T14:28:28.263Z,46736,hamed.ahmadinia@abo.fi,773629085,"""__EXR__MIGRANTS""",1
2022-01-30T14:28:28.294Z,46736,hamed.ahmadinia@abo.fi,773629085,included,-1
2022-01-30T14:28:40.138Z,46736,hamed.ahmadinia@abo.fi,773624975,"""__EXR__MIGRANTS""",1
2022-01-30T14:28:40.169Z,46736,hamed.ahmadinia@abo.fi,773624975,included,-1
2022-01-30T14:28:45.809Z,46736,hamed.ahmadinia@abo.fi,773624975,"""__EXR__MIGRANTS""",deleted
2022-01-30T14:29:10.169Z,46736,hamed.ahmadinia@abo.fi,773683863,"""__EXR__immigrants""",1
2022-01-30T14:29:10.216Z,46736,hamed.ahmadinia@abo.fi,773683863,included,-1
2022-01-30T14:30:01.137Z,46736,hamed.ahmadinia@abo.fi,773624975,included,1
2022-02-01T19:55:16.050Z,46736,hamed.ahmadinia@abo.fi,773683563,included,-1
2022-02-01T19:55:23.394Z,46736,hamed.ahmadinia@abo.fi,773624971,included,0
2022-02-01T19:55:28.706Z,46736,hamed.ahmadinia@abo.fi,773624972,included,0
2022-02-01T19:59:17.831Z,46736,hamed.ahmadinia@abo.fi,773624979,"""__EXR__full text""",deleted
2022-02-01T19:59:42.534Z,46736,hamed.ahmadinia@abo.fi,773624979,included,0
2022-02-01T20:02:43.111Z,46736,hamed.ahmadinia@abo.fi,773624972,included,1
2022-02-01T20:04:42.610Z,46736,hamed.ahmadinia@abo.fi,773624979,included,1
2022-02-01T20:04:44.344Z,46736,hamed.ahmadinia@abo.fi,773624971,included,1
2022-02-01T20:10:32.670Z,46736,hamed.ahmadinia@abo.fi,773624974,included,0
2022-02-01T20:31:34.024Z,46736,hamed.ahmadinia@abo.fi,773624975,included,0
2022-02-01T20:32:06.133Z,46736,hamed.ahmadinia@abo.fi,773624977,included,0
2022-02-01T20:32:19.039Z,46736,hamed.ahmadinia@abo.fi,773624980,included,0
2022-02-01T20:34:15.742Z,46736,hamed.ahmadinia@abo.fi,773683519,included,0
2022-02-01T20:34:34.179Z,46736,hamed.ahmadinia@abo.fi,773624982,included,0
2022-02-01T20:35:12.726Z,46736,hamed.ahmadinia@abo.fi,773624983,included,0
2022-02-01T20:35:39.179Z,46736,hamed.ahmadinia@abo.fi,773624986,included,0
2022-02-01T20:36:01.679Z,46736,hamed.ahmadinia@abo.fi,773683855,included,0
2022-02-01T20:36:21.429Z,46736,hamed.ahmadinia@abo.fi,773683860,included,0
2022-02-01T20:36:47.022Z,46736,hamed.ahmadinia@abo.fi,773683861,included,0
2022-02-01T20:37:03.491Z,46736,hamed.ahmadinia@abo.fi,773683862,included,0
2022-02-01T20:37:24.913Z,46736,hamed.ahmadinia@abo.fi,773624972,included,0
2022-02-01T20:37:39.428Z,46736,hamed.ahmadinia@abo.fi,773624971,included,0
2022-02-01T20:40:58.302Z,46736,hamed.ahmadinia@abo.fi,773624979,included,0
2022-02-01T20:44:33.238Z,46736,hamed.ahmadinia@abo.fi,773683877,"""__EXR__wrong study design""",1
2022-02-01T20:44:33.316Z,46736,hamed.ahmadinia@abo.fi,773683877,included,-1
2022-02-01T20:44:33.707Z,46736,hamed.ahmadinia@abo.fi,773683877,included,-1
2022-02-01T20:44:39.723Z,46736,hamed.ahmadinia@abo.fi,773683862,included,1
2022-02-01T20:44:40.363Z,46736,hamed.ahmadinia@abo.fi,773683862,included,1
2022-02-01T20:44:40.848Z,46736,hamed.ahmadinia@abo.fi,773683862,included,1
2022-02-01T20:44:42.879Z,46736,hamed.ahmadinia@abo.fi,773624982,included,1
2022-02-01T20:44:44.129Z,46736,hamed.ahmadinia@abo.fi,773624974,included,1
2022-02-01T20:44:45.285Z,46736,hamed.ahmadinia@abo.fi,773624972,included,1
2022-02-01T20:44:48.160Z,46736,hamed.ahmadinia@abo.fi,773624980,included,1
2022-02-01T20:44:49.723Z,46736,hamed.ahmadinia@abo.fi,773624975,included,1
2022-02-01T20:44:50.785Z,46736,hamed.ahmadinia@abo.fi,773624979,included,1
2022-02-01T20:44:52.176Z,46736,hamed.ahmadinia@abo.fi,773683860,included,1
2022-02-01T20:44:54.707Z,46736,hamed.ahmadinia@abo.fi,773624983,included,1
2022-02-01T20:44:56.207Z,46736,hamed.ahmadinia@abo.fi,773683855,included,1
2022-02-01T20:44:58.269Z,46736,hamed.ahmadinia@abo.fi,773624971,included,1
2022-02-01T20:45:00.176Z,46736,hamed.ahmadinia@abo.fi,773683519,included,1
2022-02-01T20:45:02.238Z,46736,hamed.ahmadinia@abo.fi,773683861,included,1
2022-02-01T20:45:04.332Z,46736,hamed.ahmadinia@abo.fi,773624977,included,1
2022-02-01T20:45:06.113Z,46736,hamed.ahmadinia@abo.fi,773624986,included,1
